antecedents,consequents,antecedent support,consequent support,support,confidence,lift,representativity,leverage,conviction,zhangs_metric,jaccard,certainty,kulczynski
frozenset({'Alcohol=Faible'}),frozenset({'Magnesium=Petit'}),0.33707865168539325,0.8820224719101124,0.3089887640449438,0.9166666666666666,1.0392781316348194,1.0,0.011677818457265454,1.4157303370786505,0.057010785824344934,0.3395061728395061,0.29365079365079305,0.6334925690021231
frozenset({'Malic acid=Élevé'}),frozenset({'Magnesium=Petit'}),0.33707865168539325,0.8820224719101124,0.3089887640449438,0.9166666666666666,1.0392781316348194,1.0,0.011677818457265454,1.4157303370786505,0.057010785824344934,0.3395061728395061,0.29365079365079305,0.6334925690021231
frozenset({'Alcohol=Moyen'}),frozenset({'Magnesium=Petit'}),0.33146067415730335,0.8820224719101124,0.29775280898876405,0.8983050847457628,1.0184605419410557,1.0,0.00539704582754702,1.160112359550562,0.02711273188520688,0.3251533742331288,0.1380145278450364,0.6179423512900788
frozenset({'Malic acid=Faible'}),frozenset({'Magnesium=Petit'}),0.33707865168539325,0.8820224719101124,0.29213483146067415,0.8666666666666667,0.9825902335456476,1.0,-0.005176114127004194,0.8848314606741572,-0.026031746031746177,0.3151515151515152,-0.13015873015873033,0.5989384288747346
frozenset({'Malic acid=Moyen'}),frozenset({'Magnesium=Petit'}),0.3258426966292135,0.8820224719101124,0.2808988764044944,0.8620689655172414,0.9773775532615858,1.0,-0.006501704330261315,0.8553370786516854,-0.03319368353206566,0.303030303030303,-0.16912972085385874,0.5902701515484297
